,Variable1,Variable2,Correlation,PValue
0,Opbouw bbp vanuit de finale bestedingen|Beschikbaar voor finale bestedingen|Totaal,Opbouw bbp vanuit de finale bestedingen|Finale bestedingen|Totaal,1.0,0.0
1,Opbouw bbp vanuit de finale bestedingen|Beschikbaar voor finale bestedingen|Invoer van goederen en diensten|Goederen,Opbouw bbp vanuit de finale bestedingen|Finale bestedingen|Uitvoer van goederen en diensten|Goederen,0.9427641472454218,0.0
2,Opbouw bbp vanuit de finale bestedingen|Beschikbaar voor finale bestedingen|Invoer van goederen en diensten|Goederen,Opbouw bbp vanuit de finale bestedingen|Finale bestedingen|Uitvoer van goederen en diensten|Totaal,0.9007281586691702,0.0
3,Opbouw bbp vanuit de finale bestedingen|Beschikbaar voor finale bestedingen|Invoer van goederen en diensten|Goederen,Opbouw bbp vanuit de finale bestedingen|Finale bestedingen|Nationale finale bestedingen|Consumptieve bestedingen|Huishoudens,0.5305597215958389,0.0
4,Opbouw bbp vanuit de finale bestedingen|Beschikbaar voor finale bestedingen|Invoer van goederen en diensten|Goederen,Opbouw bbp vanuit de finale bestedingen|Finale bestedingen|Nationale finale bestedingen|Consumptieve bestedingen|Totaal,0.5129521760668334,0.0
5,Opbouw bbp vanuit de finale bestedingen|Beschikbaar voor finale bestedingen|Invoer van goederen en diensten|Goederen,Opbouw bbp vanuit de finale bestedingen|Finale bestedingen|Nationale finale bestedingen|Totaal,0.35741747388818157,0.0
6,Opbouw bbp vanuit de finale bestedingen|Beschikbaar voor finale bestedingen|Invoer van goederen en diensten|Goederen,Opbouw bbp vanuit de finale bestedingen|Finale bestedingen|Totaal,0.7375926733239719,0.0
7,Opbouw bbp vanuit de finale bestedingen|Beschikbaar voor finale bestedingen|Invoer van goederen en diensten|Goederen,Opbouw bbp vanuit de finale bestedingen|Beschikbaar voor finale bestedingen|Invoer van goederen en diensten|Totaal,0.6299797976318978,0.0
8,Opbouw bbp vanuit de finale bestedingen|Beschikbaar voor finale bestedingen|Invoer van goederen en diensten|Goederen,Opbouw bbp vanuit de finale bestedingen|Beschikbaar voor finale bestedingen|Totaal,0.7375926733239719,0.0
9,Opbouw bbp vanuit de finale bestedingen|Beschikbaar voor finale bestedingen|Invoer van goederen en diensten|Totaal,Opbouw bbp vanuit de finale bestedingen|Finale bestedingen|Uitvoer van goederen en diensten|Goederen,0.6202976008089656,0.0
10,Opbouw bbp vanuit de finale bestedingen|Beschikbaar voor finale bestedingen|Invoer van goederen en diensten|Totaal,Opbouw bbp vanuit de finale bestedingen|Finale bestedingen|Uitvoer van goederen en diensten|Totaal,0.6046327787701459,0.0
11,Opbouw bbp vanuit de finale bestedingen|Beschikbaar voor finale bestedingen|Invoer van goederen en diensten|Totaal,Opbouw bbp vanuit de finale bestedingen|Finale bestedingen|Nationale finale bestedingen|Bruto investeringen in vaste activa|Bedrijven en huishoudens,0.7515933060580287,0.0
12,Opbouw bbp vanuit de finale bestedingen|Beschikbaar voor finale bestedingen|Invoer van goederen en diensten|Totaal,Opbouw bbp vanuit de finale bestedingen|Finale bestedingen|Nationale finale bestedingen|Bruto investeringen in vaste activa|Totaal,0.7730087026705977,0.0
13,Opbouw bbp vanuit de finale bestedingen|Finale bestedingen|Nationale finale bestedingen|Consumptieve bestedingen|Huishoudens,Opbouw bbp vanuit de finale bestedingen|Finale bestedingen|Totaal,0.6652415328628114,0.0
14,Opbouw bbp vanuit de finale bestedingen|Beschikbaar voor finale bestedingen|Invoer van goederen en diensten|Totaal,Opbouw bbp vanuit de finale bestedingen|Finale bestedingen|Nationale finale bestedingen|Consumptieve bestedingen|Huishoudens,0.4719784740889602,0.0
15,Opbouw bbp vanuit de finale bestedingen|Beschikbaar voor finale bestedingen|Invoer van goederen en diensten|Totaal,Opbouw bbp vanuit de finale bestedingen|Finale bestedingen|Nationale finale bestedingen|Consumptieve bestedingen|Totaal,0.41829253496353436,0.0
16,Opbouw bbp vanuit de finale bestedingen|Beschikbaar voor finale bestedingen|Invoer van goederen en diensten|Totaal,Opbouw bbp vanuit de finale bestedingen|Finale bestedingen|Nationale finale bestedingen|Totaal,0.8844873992241039,0.0
17,Opbouw bbp vanuit de finale bestedingen|Beschikbaar voor finale bestedingen|Invoer van goederen en diensten|Totaal,Opbouw bbp vanuit de finale bestedingen|Finale bestedingen|Totaal,0.9576586887166969,0.0
18,Opbouw bbp vanuit de finale bestedingen|Beschikbaar voor finale bestedingen|Invoer van goederen en diensten|Totaal,Opbouw bbp vanuit de finale bestedingen|Beschikbaar voor finale bestedingen|Totaal,0.9576586887166969,0.0
19,Opbouw bbp vanuit de finale bestedingen|Finale bestedingen|Nationale finale bestedingen|Bruto investeringen in vaste activa|Bedrijven en huishoudens,Opbouw bbp vanuit de finale bestedingen|Finale bestedingen|Nationale finale bestedingen|Totaal,0.9078595437769719,0.0
20,Opbouw bbp vanuit de finale bestedingen|Beschikbaar voor finale bestedingen|Invoer van goederen en diensten|Goederen,Opbouw bbp vanuit de finale bestedingen|Finale bestedingen|Uitvoer van goederen en diensten|Diensten,0.44662754926081993,0.0
21,"Opbouw bbp vanuit de finale bestedingen|Beschikbaar voor finale bestedingen|Bbp, gecorrigeerd voor werkdageneffecten",Opbouw bbp vanuit de finale bestedingen|Finale bestedingen|Uitvoer van goederen en diensten|Diensten,0.5653719585898128,0.0
22,Opbouw bbp vanuit de finale bestedingen|Beschikbaar voor finale bestedingen|Invoer van goederen en diensten|Diensten,Opbouw bbp vanuit de finale bestedingen|Beschikbaar voor finale bestedingen|Totaal,0.7353798053177405,0.0
23,Opbouw bbp vanuit de finale bestedingen|Beschikbaar voor finale bestedingen|Invoer van goederen en diensten|Diensten,Opbouw bbp vanuit de finale bestedingen|Finale bestedingen|Totaal,0.7353798053177405,0.0
24,Opbouw bbp vanuit de finale bestedingen|Finale bestedingen|Nationale finale bestedingen|Consumptieve bestedingen|Totaal,Opbouw bbp vanuit de finale bestedingen|Finale bestedingen|Uitvoer van goederen en diensten|Diensten,0.4652927451980293,0.0
25,Opbouw bbp vanuit de finale bestedingen|Finale bestedingen|Nationale finale bestedingen|Consumptieve bestedingen|Totaal,Opbouw bbp vanuit de finale bestedingen|Finale bestedingen|Uitvoer van goederen en diensten|Goederen,0.4832760525575678,0.0
26,Opbouw bbp vanuit de finale bestedingen|Finale bestedingen|Nationale finale bestedingen|Consumptieve bestedingen|Totaal,Opbouw bbp vanuit de finale bestedingen|Finale bestedingen|Uitvoer van goederen en diensten|Totaal,0.5488865649642467,0.0
27,Opbouw bbp vanuit de finale bestedingen|Finale bestedingen|Nationale finale bestedingen|Consumptieve bestedingen|Totaal,Opbouw bbp vanuit de finale bestedingen|Finale bestedingen|Nationale finale bestedingen|Totaal,0.443640479607739,0.0
28,Opbouw bbp vanuit de finale bestedingen|Finale bestedingen|Nationale finale bestedingen|Consumptieve bestedingen|Totaal,Opbouw bbp vanuit de finale bestedingen|Finale bestedingen|Totaal,0.6246776304861223,0.0
29,Opbouw bbp vanuit de finale bestedingen|Finale bestedingen|Nationale finale bestedingen|Consumptieve bestedingen|Huishoudens,Opbouw bbp vanuit de finale bestedingen|Finale bestedingen|Nationale finale bestedingen|Consumptieve bestedingen|Totaal,0.9171992905989146,0.0
30,Opbouw bbp vanuit de finale bestedingen|Finale bestedingen|Nationale finale bestedingen|Consumptieve bestedingen|Huishoudens,Opbouw bbp vanuit de finale bestedingen|Finale bestedingen|Uitvoer van goederen en diensten|Totaal,0.6044935539293548,0.0
31,Opbouw bbp vanuit de finale bestedingen|Finale bestedingen|Nationale finale bestedingen|Consumptieve bestedingen|Huishoudens,Opbouw bbp vanuit de finale bestedingen|Finale bestedingen|Uitvoer van goederen en diensten|Goederen,0.5169046028730595,0.0
32,Opbouw bbp vanuit de finale bestedingen|Finale bestedingen|Nationale finale bestedingen|Totaal,Opbouw bbp vanuit de finale bestedingen|Finale bestedingen|Totaal,0.8458592118047864,0.0
33,Opbouw bbp vanuit de finale bestedingen|Finale bestedingen|Nationale finale bestedingen|Consumptieve bestedingen|Huishoudens,Opbouw bbp vanuit de finale bestedingen|Finale bestedingen|Uitvoer van goederen en diensten|Diensten,0.5434381245214597,0.0
34,Opbouw bbp vanuit de finale bestedingen|Finale bestedingen|Totaal,Opbouw bbp vanuit de finale bestedingen|Finale bestedingen|Uitvoer van goederen en diensten|Diensten,0.45250449163155965,0.0
35,Opbouw bbp vanuit de finale bestedingen|Finale bestedingen|Totaal,Opbouw bbp vanuit de finale bestedingen|Finale bestedingen|Uitvoer van goederen en diensten|Goederen,0.7219244143068554,0.0
36,Opbouw bbp vanuit de finale bestedingen|Finale bestedingen|Totaal,Opbouw bbp vanuit de finale bestedingen|Finale bestedingen|Uitvoer van goederen en diensten|Totaal,0.7262990807816609,0.0
37,Opbouw bbp vanuit de finale bestedingen|Finale bestedingen|Nationale finale bestedingen|Consumptieve bestedingen|Overheid,Opbouw bbp vanuit de finale bestedingen|Finale bestedingen|Nationale finale bestedingen|Consumptieve bestedingen|Totaal,0.4786224501115357,0.0
38,Opbouw bbp vanuit de finale bestedingen|Finale bestedingen|Nationale finale bestedingen|Bruto investeringen in vaste activa|Totaal,Opbouw bbp vanuit de finale bestedingen|Finale bestedingen|Totaal,0.6674720945130479,0.0
39,Opbouw bbp vanuit de finale bestedingen|Beschikbaar voor finale bestedingen|Invoer van goederen en diensten|Diensten,Opbouw bbp vanuit de finale bestedingen|Finale bestedingen|Nationale finale bestedingen|Bruto investeringen in vaste activa|Bedrijven en huishoudens,0.8763344302595504,0.0
40,Opbouw bbp vanuit de finale bestedingen|Beschikbaar voor finale bestedingen|Invoer van goederen en diensten|Diensten,Opbouw bbp vanuit de finale bestedingen|Finale bestedingen|Nationale finale bestedingen|Bruto investeringen in vaste activa|Totaal,0.8920436818236224,0.0
41,Opbouw bbp vanuit de finale bestedingen|Finale bestedingen|Nationale finale bestedingen|Bruto investeringen in vaste activa|Totaal,Opbouw bbp vanuit de finale bestedingen|Finale bestedingen|Nationale finale bestedingen|Totaal,0.926426327967057,0.0
42,Opbouw bbp vanuit de finale bestedingen|Beschikbaar voor finale bestedingen|Invoer van goederen en diensten|Diensten,Opbouw bbp vanuit de finale bestedingen|Finale bestedingen|Nationale finale bestedingen|Totaal,0.8887698384327647,0.0
43,Opbouw bbp vanuit de finale bestedingen|Beschikbaar voor finale bestedingen|Invoer van goederen en diensten|Diensten,Opbouw bbp vanuit de finale bestedingen|Beschikbaar voor finale bestedingen|Invoer van goederen en diensten|Totaal,0.8564475028709613,0.0
44,"Opbouw bbp vanuit de finale bestedingen|Beschikbaar voor finale bestedingen|Bbp, gecorrigeerd voor werkdageneffecten",Opbouw bbp vanuit de finale bestedingen|Finale bestedingen|Uitvoer van goederen en diensten|Goederen,0.7254441216363047,0.0
45,Opbouw bbp vanuit de finale bestedingen|Finale bestedingen|Nationale finale bestedingen|Bruto investeringen in vaste activa|Bedrijven en huishoudens,Opbouw bbp vanuit de finale bestedingen|Finale bestedingen|Totaal,0.6448631020097462,0.0
46,Opbouw bbp vanuit de finale bestedingen|Finale bestedingen|Nationale finale bestedingen|Consumptieve bestedingen|Huishoudens,Opbouw bbp vanuit de finale bestedingen|Finale bestedingen|Nationale finale bestedingen|Totaal,0.4588016369759634,0.0
47,Opbouw bbp vanuit de finale bestedingen|Beschikbaar voor finale bestedingen|Totaal,Opbouw bbp vanuit de finale bestedingen|Finale bestedingen|Nationale finale bestedingen|Consumptieve bestedingen|Totaal,0.6246776304861223,0.0
48,"Opbouw bbp vanuit de finale bestedingen|Beschikbaar voor finale bestedingen|Bbp, gecorrigeerd voor werkdageneffecten",Opbouw bbp vanuit de finale bestedingen|Finale bestedingen|Uitvoer van goederen en diensten|Totaal,0.782907937915261,0.0
49,Opbouw bbp vanuit de finale bestedingen|Beschikbaar voor finale bestedingen|Bruto binnenlands product,Opbouw bbp vanuit de finale bestedingen|Finale bestedingen|Nationale finale bestedingen|Consumptieve bestedingen|Huishoudens,0.8662041650025956,0.0
50,Opbouw bbp vanuit de finale bestedingen|Beschikbaar voor finale bestedingen|Bruto binnenlands product,Opbouw bbp vanuit de finale bestedingen|Finale bestedingen|Nationale finale bestedingen|Consumptieve bestedingen|Totaal,0.867163052081098,0.0
51,Opbouw bbp vanuit de finale bestedingen|Beschikbaar voor finale bestedingen|Bruto binnenlands product,Opbouw bbp vanuit de finale bestedingen|Finale bestedingen|Nationale finale bestedingen|Totaal,0.47008155541784963,0.0
52,Opbouw bbp vanuit de finale bestedingen|Beschikbaar voor finale bestedingen|Bruto binnenlands product,Opbouw bbp vanuit de finale bestedingen|Finale bestedingen|Totaal,0.7777689791939137,0.0
53,Opbouw bbp vanuit de finale bestedingen|Beschikbaar voor finale bestedingen|Bruto binnenlands product,Opbouw bbp vanuit de finale bestedingen|Beschikbaar voor finale bestedingen|Invoer van goederen en diensten|Goederen,0.7887707445737937,0.0
54,Opbouw bbp vanuit de finale bestedingen|Beschikbaar voor finale bestedingen|Bruto binnenlands product,Opbouw bbp vanuit de finale bestedingen|Beschikbaar voor finale bestedingen|Invoer van goederen en diensten|Totaal,0.5682325245619009,0.0
55,Opbouw bbp vanuit de finale bestedingen|Finale bestedingen|Nationale finale bestedingen|Verandering in voorraden,Year,0.40054144479611287,0.0
56,Opbouw bbp vanuit de finale bestedingen|Beschikbaar voor finale bestedingen|Bruto binnenlands product,Opbouw bbp vanuit de finale bestedingen|Beschikbaar voor finale bestedingen|Totaal,0.7777689791939137,0.0
57,Opbouw bbp vanuit de finale bestedingen|Beschikbaar voor finale bestedingen|Totaal,Opbouw bbp vanuit de finale bestedingen|Finale bestedingen|Uitvoer van goederen en diensten|Diensten,0.45250449163155965,0.0
58,Opbouw bbp vanuit de finale bestedingen|Beschikbaar voor finale bestedingen|Totaal,Opbouw bbp vanuit de finale bestedingen|Finale bestedingen|Uitvoer van goederen en diensten|Goederen,0.7219244143068554,0.0
59,Opbouw bbp vanuit de finale bestedingen|Beschikbaar voor finale bestedingen|Totaal,Opbouw bbp vanuit de finale bestedingen|Finale bestedingen|Uitvoer van goederen en diensten|Totaal,0.7262990807816609,0.0
60,Opbouw bbp vanuit de finale bestedingen|Finale bestedingen|Uitvoer van goederen en diensten|Diensten,Opbouw bbp vanuit de finale bestedingen|Finale bestedingen|Uitvoer van goederen en diensten|Totaal,0.7109975977778236,0.0
61,Opbouw bbp vanuit de finale bestedingen|Finale bestedingen|Uitvoer van goederen en diensten|Diensten,Opbouw bbp vanuit de finale bestedingen|Finale bestedingen|Uitvoer van goederen en diensten|Goederen,0.4337430061995101,0.0
62,Opbouw bbp vanuit de finale bestedingen|Beschikbaar voor finale bestedingen|Totaal,Opbouw bbp vanuit de finale bestedingen|Finale bestedingen|Nationale finale bestedingen|Bruto investeringen in vaste activa|Bedrijven en huishoudens,0.6448631020097462,0.0
63,Opbouw bbp vanuit de finale bestedingen|Beschikbaar voor finale bestedingen|Totaal,Opbouw bbp vanuit de finale bestedingen|Finale bestedingen|Nationale finale bestedingen|Bruto investeringen in vaste activa|Totaal,0.6674720945130479,0.0
64,Opbouw bbp vanuit de finale bestedingen|Beschikbaar voor finale bestedingen|Totaal,Opbouw bbp vanuit de finale bestedingen|Finale bestedingen|Nationale finale bestedingen|Consumptieve bestedingen|Huishoudens,0.6652415328628114,0.0
65,Opbouw bbp vanuit de finale bestedingen|Finale bestedingen|Uitvoer van goederen en diensten|Goederen,Opbouw bbp vanuit de finale bestedingen|Finale bestedingen|Uitvoer van goederen en diensten|Totaal,0.9413481006036761,0.0
66,Opbouw bbp vanuit de finale bestedingen|Finale bestedingen|Nationale finale bestedingen|Bruto investeringen in vaste activa|Overheid,Opbouw bbp vanuit de finale bestedingen|Finale bestedingen|Nationale finale bestedingen|Consumptieve bestedingen|Overheid,0.4840904028302975,0.0
67,Opbouw bbp vanuit de finale bestedingen|Beschikbaar voor finale bestedingen|Totaal,Opbouw bbp vanuit de finale bestedingen|Finale bestedingen|Nationale finale bestedingen|Totaal,0.8458592118047864,0.0
68,"Opbouw bbp vanuit de finale bestedingen|Beschikbaar voor finale bestedingen|Bbp, gecorrigeerd voor werkdageneffecten",Opbouw bbp vanuit de finale bestedingen|Finale bestedingen|Nationale finale bestedingen|Consumptieve bestedingen|Huishoudens,0.853888991462605,0.0
69,"Opbouw bbp vanuit de finale bestedingen|Beschikbaar voor finale bestedingen|Bbp, gecorrigeerd voor werkdageneffecten",Opbouw bbp vanuit de finale bestedingen|Finale bestedingen|Nationale finale bestedingen|Consumptieve bestedingen|Totaal,0.8379845795521437,0.0
70,Opbouw bbp vanuit de finale bestedingen|Beschikbaar voor finale bestedingen|Bruto binnenlands product,Opbouw bbp vanuit de finale bestedingen|Finale bestedingen|Uitvoer van goederen en diensten|Totaal,0.8033501670549346,0.0
71,Opbouw bbp vanuit de finale bestedingen|Beschikbaar voor finale bestedingen|Bruto binnenlands product,Opbouw bbp vanuit de finale bestedingen|Finale bestedingen|Uitvoer van goederen en diensten|Goederen,0.7670547822715068,0.0
72,"Opbouw bbp vanuit de finale bestedingen|Beschikbaar voor finale bestedingen|Bbp, gecorrigeerd voor werkdageneffecten",Opbouw bbp vanuit de finale bestedingen|Finale bestedingen|Nationale finale bestedingen|Totaal,0.583530909243247,0.0
73,Opbouw bbp vanuit de finale bestedingen|Beschikbaar voor finale bestedingen|Bruto binnenlands product,Opbouw bbp vanuit de finale bestedingen|Finale bestedingen|Uitvoer van goederen en diensten|Diensten,0.5525313040890354,0.0
74,"Opbouw bbp vanuit de finale bestedingen|Beschikbaar voor finale bestedingen|Bbp, gecorrigeerd voor werkdageneffecten",Opbouw bbp vanuit de finale bestedingen|Finale bestedingen|Totaal,0.8225928264479316,0.0
75,Opbouw bbp vanuit de finale bestedingen|Finale bestedingen|Nationale finale bestedingen|Bruto investeringen in vaste activa|Bedrijven en huishoudens,Opbouw bbp vanuit de finale bestedingen|Finale bestedingen|Nationale finale bestedingen|Bruto investeringen in vaste activa|Totaal,0.9971770660236361,0.0
76,"Opbouw bbp vanuit de finale bestedingen|Beschikbaar voor finale bestedingen|Bbp, gecorrigeerd voor werkdageneffecten",Opbouw bbp vanuit de finale bestedingen|Beschikbaar voor finale bestedingen|Totaal,0.8225928264479316,0.0
77,"Opbouw bbp vanuit de finale bestedingen|Beschikbaar voor finale bestedingen|Bbp, gecorrigeerd voor werkdageneffecten",Opbouw bbp vanuit de finale bestedingen|Beschikbaar voor finale bestedingen|Bruto binnenlands product,0.9955935846716396,0.0
78,"Opbouw bbp vanuit de finale bestedingen|Beschikbaar voor finale bestedingen|Bbp, gecorrigeerd voor werkdageneffecten",Opbouw bbp vanuit de finale bestedingen|Beschikbaar voor finale bestedingen|Invoer van goederen en diensten|Goederen,0.7829461075291906,0.0
79,"Opbouw bbp vanuit de finale bestedingen|Beschikbaar voor finale bestedingen|Bbp, gecorrigeerd voor werkdageneffecten",Opbouw bbp vanuit de finale bestedingen|Beschikbaar voor finale bestedingen|Invoer van goederen en diensten|Totaal,0.6332404428555992,0.0
80,Opbouw bbp vanuit de finale bestedingen|Beschikbaar voor finale bestedingen|Invoer van goederen en diensten|Totaal,Opbouw bbp vanuit de finale bestedingen|Finale bestedingen|Uitvoer van goederen en diensten|Diensten,0.34239380079542714,4.906511084314419e-299
81,Opbouw bbp vanuit de finale bestedingen|Finale bestedingen|Nationale finale bestedingen|Consumptieve bestedingen|Overheid,Year,-0.32345398492271504,2.8962872632471953e-265
82,Opbouw bbp vanuit de finale bestedingen|Finale bestedingen|Nationale finale bestedingen|Totaal,Opbouw bbp vanuit de finale bestedingen|Finale bestedingen|Uitvoer van goederen en diensten|Goederen,0.3046553466169417,4.530517561485898e-234
83,Opbouw bbp vanuit de finale bestedingen|Beschikbaar voor finale bestedingen|Invoer van goederen en diensten|Diensten,Opbouw bbp vanuit de finale bestedingen|Finale bestedingen|Nationale finale bestedingen|Consumptieve bestedingen|Huishoudens,0.28000905089605044,1.5311308431009634e-196
84,Opbouw bbp vanuit de finale bestedingen|Beschikbaar voor finale bestedingen|Bruto binnenlands product,Opbouw bbp vanuit de finale bestedingen|Finale bestedingen|Nationale finale bestedingen|Consumptieve bestedingen|Overheid,0.2630109642512166,8.342783990237865e-173
85,Opbouw bbp vanuit de finale bestedingen|Finale bestedingen|Nationale finale bestedingen|Totaal,Opbouw bbp vanuit de finale bestedingen|Finale bestedingen|Uitvoer van goederen en diensten|Totaal,0.25132751418611665,1.7801737418533136e-157
86,Opbouw bbp vanuit de finale bestedingen|Beschikbaar voor finale bestedingen|Invoer van goederen en diensten|Goederen,Opbouw bbp vanuit de finale bestedingen|Finale bestedingen|Nationale finale bestedingen|Verandering in voorraden,0.24778588708726648,5.51234201654356e-153
87,"Opbouw bbp vanuit de finale bestedingen|Beschikbaar voor finale bestedingen|Bbp, gecorrigeerd voor werkdageneffecten",Opbouw bbp vanuit de finale bestedingen|Finale bestedingen|Nationale finale bestedingen|Bruto investeringen in vaste activa|Totaal,0.33498786905276623,8.818706073580251e-144
88,"Opbouw bbp vanuit de finale bestedingen|Beschikbaar voor finale bestedingen|Bbp, gecorrigeerd voor werkdageneffecten",Opbouw bbp vanuit de finale bestedingen|Finale bestedingen|Nationale finale bestedingen|Bruto investeringen in vaste activa|Bedrijven en huishoudens,0.3272865574775057,5.869861283168128e-137
89,Opbouw bbp vanuit de finale bestedingen|Beschikbaar voor finale bestedingen|Bruto binnenlands product,Opbouw bbp vanuit de finale bestedingen|Beschikbaar voor finale bestedingen|Invoer van goederen en diensten|Diensten,0.23196458335332348,8.541331152574561e-134
90,Opbouw bbp vanuit de finale bestedingen|Beschikbaar voor finale bestedingen|Invoer van goederen en diensten|Diensten,Opbouw bbp vanuit de finale bestedingen|Finale bestedingen|Nationale finale bestedingen|Consumptieve bestedingen|Totaal,0.21817292887189793,3.285080341494988e-118
91,Opbouw bbp vanuit de finale bestedingen|Beschikbaar voor finale bestedingen|Bruto binnenlands product,Opbouw bbp vanuit de finale bestedingen|Finale bestedingen|Nationale finale bestedingen|Bruto investeringen in vaste activa|Totaal,0.21513583883938375,6.421854327011792e-115
92,Month,Opbouw bbp vanuit de finale bestedingen|Finale bestedingen|Nationale finale bestedingen|Verandering in voorraden,0.21285044678139187,1.782219508466787e-112
93,Opbouw bbp vanuit de finale bestedingen|Finale bestedingen|Nationale finale bestedingen|Bruto investeringen in vaste activa|Totaal,Opbouw bbp vanuit de finale bestedingen|Finale bestedingen|Nationale finale bestedingen|Consumptieve bestedingen|Huishoudens,0.20888276468984282,2.6623321270249916e-108
94,Opbouw bbp vanuit de finale bestedingen|Finale bestedingen|Nationale finale bestedingen|Bruto investeringen in vaste activa|Bedrijven en huishoudens,Opbouw bbp vanuit de finale bestedingen|Finale bestedingen|Nationale finale bestedingen|Consumptieve bestedingen|Huishoudens,0.20145704193187813,1.0203967193111362e-100
95,"Opbouw bbp vanuit de finale bestedingen|Beschikbaar voor finale bestedingen|Bbp, gecorrigeerd voor werkdageneffecten",Opbouw bbp vanuit de finale bestedingen|Beschikbaar voor finale bestedingen|Invoer van goederen en diensten|Diensten,0.28164998042902906,1.9277643172292464e-100
96,Opbouw bbp vanuit de finale bestedingen|Beschikbaar voor finale bestedingen|Bruto binnenlands product,Opbouw bbp vanuit de finale bestedingen|Finale bestedingen|Nationale finale bestedingen|Bruto investeringen in vaste activa|Bedrijven en huishoudens,0.20060108274304733,7.308621584858616e-100
97,Opbouw bbp vanuit de finale bestedingen|Beschikbaar voor finale bestedingen|Invoer van goederen en diensten|Diensten,Opbouw bbp vanuit de finale bestedingen|Finale bestedingen|Uitvoer van goederen en diensten|Totaal,0.19048368602354673,4.721897115315467e-90
98,Opbouw bbp vanuit de finale bestedingen|Beschikbaar voor finale bestedingen|Invoer van goederen en diensten|Diensten,Opbouw bbp vanuit de finale bestedingen|Finale bestedingen|Uitvoer van goederen en diensten|Goederen,0.18421428170409332,3.0246652324363085e-84
99,Opbouw bbp vanuit de finale bestedingen|Finale bestedingen|Nationale finale bestedingen|Consumptieve bestedingen|Totaal,Year,-0.18275674064057407,6.3233416652947385e-83
100,Opbouw bbp vanuit de finale bestedingen|Beschikbaar voor finale bestedingen|Invoer van goederen en diensten|Goederen,Opbouw bbp vanuit de finale bestedingen|Finale bestedingen|Nationale finale bestedingen|Bruto investeringen in vaste activa|Totaal,0.17831297625240566,5.720525880397585e-79
101,Opbouw bbp vanuit de finale bestedingen|Finale bestedingen|Nationale finale bestedingen|Bruto investeringen in vaste activa|Totaal,Opbouw bbp vanuit de finale bestedingen|Finale bestedingen|Nationale finale bestedingen|Consumptieve bestedingen|Totaal,0.17310019226008572,1.8500352301331547e-74
102,Opbouw bbp vanuit de finale bestedingen|Beschikbaar voor finale bestedingen|Invoer van goederen en diensten|Goederen,Opbouw bbp vanuit de finale bestedingen|Finale bestedingen|Nationale finale bestedingen|Bruto investeringen in vaste activa|Bedrijven en huishoudens,0.17087190731898597,1.418512511003654e-72
103,Opbouw bbp vanuit de finale bestedingen|Finale bestedingen|Nationale finale bestedingen|Bruto investeringen in vaste activa|Bedrijven en huishoudens,Opbouw bbp vanuit de finale bestedingen|Finale bestedingen|Uitvoer van goederen en diensten|Diensten,-0.16846242735801537,1.4480719454678427e-70
104,Opbouw bbp vanuit de finale bestedingen|Beschikbaar voor finale bestedingen|Invoer van goederen en diensten|Diensten,Opbouw bbp vanuit de finale bestedingen|Beschikbaar voor finale bestedingen|Invoer van goederen en diensten|Goederen,0.16781259609971372,4.982654871111214e-70
105,Opbouw bbp vanuit de finale bestedingen|Finale bestedingen|Nationale finale bestedingen|Bruto investeringen in vaste activa|Bedrijven en huishoudens,Opbouw bbp vanuit de finale bestedingen|Finale bestedingen|Nationale finale bestedingen|Consumptieve bestedingen|Totaal,0.15731403264789173,1.1657643869084909e-61
106,Opbouw bbp vanuit de finale bestedingen|Finale bestedingen|Nationale finale bestedingen|Bruto investeringen in vaste activa|Totaal,Opbouw bbp vanuit de finale bestedingen|Finale bestedingen|Uitvoer van goederen en diensten|Diensten,-0.15023192919280565,2.4763219206728436e-56
107,Opbouw bbp vanuit de finale bestedingen|Beschikbaar voor finale bestedingen|Invoer van goederen en diensten|Diensten,Opbouw bbp vanuit de finale bestedingen|Finale bestedingen|Uitvoer van goederen en diensten|Diensten,0.1487111576777011,3.195126868998802e-55
108,Opbouw bbp vanuit de finale bestedingen|Finale bestedingen|Nationale finale bestedingen|Consumptieve bestedingen|Overheid,Opbouw bbp vanuit de finale bestedingen|Finale bestedingen|Nationale finale bestedingen|Verandering in voorraden,-0.14131226909265227,5.512086545863607e-50
109,Opbouw bbp vanuit de finale bestedingen|Finale bestedingen|Nationale finale bestedingen|Verandering in voorraden,Opbouw bbp vanuit de finale bestedingen|Finale bestedingen|Uitvoer van goederen en diensten|Goederen,0.14115697631611443,7.051346187120038e-50
110,Opbouw bbp vanuit de finale bestedingen|Finale bestedingen|Nationale finale bestedingen|Bruto investeringen in vaste activa|Totaal,Opbouw bbp vanuit de finale bestedingen|Finale bestedingen|Uitvoer van goederen en diensten|Goederen,0.1371038289553102,3.9533952183771076e-47
111,"Opbouw bbp vanuit de finale bestedingen|Beschikbaar voor finale bestedingen|Bbp, gecorrigeerd voor werkdageneffecten",Year,-0.18975764688500024,1.3724104823272969e-45
112,Opbouw bbp vanuit de finale bestedingen|Finale bestedingen|Nationale finale bestedingen|Bruto investeringen in vaste activa|Overheid,Opbouw bbp vanuit de finale bestedingen|Finale bestedingen|Nationale finale bestedingen|Consumptieve bestedingen|Totaal,0.1311953567484831,2.8605269921092277e-43
113,Opbouw bbp vanuit de finale bestedingen|Finale bestedingen|Nationale finale bestedingen|Bruto investeringen in vaste activa|Bedrijven en huishoudens,Opbouw bbp vanuit de finale bestedingen|Finale bestedingen|Uitvoer van goederen en diensten|Goederen,0.1307908096376897,5.1799141813781e-43
114,Opbouw bbp vanuit de finale bestedingen|Finale bestedingen|Nationale finale bestedingen|Verandering in voorraden,Opbouw bbp vanuit de finale bestedingen|Finale bestedingen|Uitvoer van goederen en diensten|Totaal,0.12984489267626637,2.0611479890206887e-42
115,Opbouw bbp vanuit de finale bestedingen|Beschikbaar voor finale bestedingen|Bruto binnenlands product,Year,-0.12191863426659132,1.4628627370153133e-37
116,Opbouw bbp vanuit de finale bestedingen|Beschikbaar voor finale bestedingen|Invoer van goederen en diensten|Goederen,Opbouw bbp vanuit de finale bestedingen|Finale bestedingen|Nationale finale bestedingen|Consumptieve bestedingen|Overheid,0.1196020533221925,3.3436946596426126e-36
117,"Opbouw bbp vanuit de finale bestedingen|Beschikbaar voor finale bestedingen|Bbp, gecorrigeerd voor werkdageneffecten",Opbouw bbp vanuit de finale bestedingen|Finale bestedingen|Nationale finale bestedingen|Consumptieve bestedingen|Overheid,0.16610066594109132,3.4343901046696104e-35
118,Opbouw bbp vanuit de finale bestedingen|Beschikbaar voor finale bestedingen|Bruto binnenlands product,Opbouw bbp vanuit de finale bestedingen|Finale bestedingen|Nationale finale bestedingen|Verandering in voorraden,0.10931364957278653,1.739467499951903e-30
119,Opbouw bbp vanuit de finale bestedingen|Finale bestedingen|Uitvoer van goederen en diensten|Diensten,Year,-0.10698490919715689,2.898370964840459e-29
120,Opbouw bbp vanuit de finale bestedingen|Finale bestedingen|Nationale finale bestedingen|Consumptieve bestedingen|Overheid,Opbouw bbp vanuit de finale bestedingen|Finale bestedingen|Totaal,0.10630314451220901,6.528485811325605e-29
121,Opbouw bbp vanuit de finale bestedingen|Beschikbaar voor finale bestedingen|Totaal,Opbouw bbp vanuit de finale bestedingen|Finale bestedingen|Nationale finale bestedingen|Consumptieve bestedingen|Overheid,0.10630314451220901,6.528485811325605e-29
122,Opbouw bbp vanuit de finale bestedingen|Finale bestedingen|Nationale finale bestedingen|Consumptieve bestedingen|Overheid,Opbouw bbp vanuit de finale bestedingen|Finale bestedingen|Nationale finale bestedingen|Totaal,0.10621242007390785,7.270604752399394e-29
123,"Opbouw bbp vanuit de finale bestedingen|Beschikbaar voor finale bestedingen|Bbp, gecorrigeerd voor werkdageneffecten",Opbouw bbp vanuit de finale bestedingen|Finale bestedingen|Nationale finale bestedingen|Verandering in voorraden,0.1477446032855326,4.084939075313767e-28
124,Opbouw bbp vanuit de finale bestedingen|Finale bestedingen|Uitvoer van goederen en diensten|Totaal,Year,-0.09894832815043585,2.9861705172624897e-25
125,Opbouw bbp vanuit de finale bestedingen|Finale bestedingen|Nationale finale bestedingen|Bruto investeringen in vaste activa|Overheid,Opbouw bbp vanuit de finale bestedingen|Finale bestedingen|Nationale finale bestedingen|Verandering in voorraden,-0.0956986206609134,1.0200275344099347e-23
126,Opbouw bbp vanuit de finale bestedingen|Beschikbaar voor finale bestedingen|Totaal,Opbouw bbp vanuit de finale bestedingen|Finale bestedingen|Nationale finale bestedingen|Verandering in voorraden,0.09508295816078224,1.9650127666473163e-23
127,Opbouw bbp vanuit de finale bestedingen|Finale bestedingen|Nationale finale bestedingen|Verandering in voorraden,Opbouw bbp vanuit de finale bestedingen|Finale bestedingen|Totaal,0.09508295816078224,1.9650127666473163e-23
128,Opbouw bbp vanuit de finale bestedingen|Finale bestedingen|Nationale finale bestedingen|Consumptieve bestedingen|Huishoudens,Opbouw bbp vanuit de finale bestedingen|Finale bestedingen|Nationale finale bestedingen|Consumptieve bestedingen|Overheid,0.09119938390359884,1.1150539140325468e-21
129,Opbouw bbp vanuit de finale bestedingen|Beschikbaar voor finale bestedingen|Invoer van goederen en diensten|Totaal,Opbouw bbp vanuit de finale bestedingen|Finale bestedingen|Nationale finale bestedingen|Verandering in voorraden,0.08192254048964259,8.761434800471575e-18
130,Opbouw bbp vanuit de finale bestedingen|Beschikbaar voor finale bestedingen|Totaal,Year,-0.08154736629176831,1.23425885149939e-17
131,Opbouw bbp vanuit de finale bestedingen|Finale bestedingen|Totaal,Year,-0.08154736629176831,1.23425885149939e-17
132,"Opbouw bbp vanuit de finale bestedingen|Beschikbaar voor finale bestedingen|Bbp, gecorrigeerd voor werkdageneffecten",Opbouw bbp vanuit de finale bestedingen|Finale bestedingen|Nationale finale bestedingen|Bruto investeringen in vaste activa|Overheid,0.11097454892369939,1.7519084105870756e-16
133,Opbouw bbp vanuit de finale bestedingen|Finale bestedingen|Nationale finale bestedingen|Bruto investeringen in vaste activa|Overheid,Opbouw bbp vanuit de finale bestedingen|Finale bestedingen|Nationale finale bestedingen|Consumptieve bestedingen|Huishoudens,-0.07548826898232641,2.52195957603416e-15
134,Opbouw bbp vanuit de finale bestedingen|Finale bestedingen|Nationale finale bestedingen|Consumptieve bestedingen|Overheid,Opbouw bbp vanuit de finale bestedingen|Finale bestedingen|Uitvoer van goederen en diensten|Goederen,0.07472614050977218,4.785415507862306e-15
135,Opbouw bbp vanuit de finale bestedingen|Finale bestedingen|Uitvoer van goederen en diensten|Goederen,Year,-0.07466982912195917,5.016072080270224e-15
136,Opbouw bbp vanuit de finale bestedingen|Finale bestedingen|Nationale finale bestedingen|Consumptieve bestedingen|Huishoudens,Year,-0.07072079020731177,1.2485861103877802e-13
137,Opbouw bbp vanuit de finale bestedingen|Beschikbaar voor finale bestedingen|Bruto binnenlands product,Opbouw bbp vanuit de finale bestedingen|Finale bestedingen|Nationale finale bestedingen|Bruto investeringen in vaste activa|Overheid,0.06818845878015747,8.966708232594961e-13
138,Month,Opbouw bbp vanuit de finale bestedingen|Finale bestedingen|Nationale finale bestedingen|Consumptieve bestedingen|Huishoudens,0.06696593371919562,2.265159822501435e-12
139,Opbouw bbp vanuit de finale bestedingen|Beschikbaar voor finale bestedingen|Invoer van goederen en diensten|Diensten,Year,-0.06490267498500488,1.0430186687514412e-11
140,Opbouw bbp vanuit de finale bestedingen|Finale bestedingen|Nationale finale bestedingen|Bruto investeringen in vaste activa|Overheid,Opbouw bbp vanuit de finale bestedingen|Finale bestedingen|Nationale finale bestedingen|Totaal,0.06146531180392559,1.1981055116263018e-10
141,Month,Opbouw bbp vanuit de finale bestedingen|Finale bestedingen|Uitvoer van goederen en diensten|Diensten,-0.060815199613144424,1.873901925782592e-10
142,Opbouw bbp vanuit de finale bestedingen|Finale bestedingen|Nationale finale bestedingen|Totaal,Opbouw bbp vanuit de finale bestedingen|Finale bestedingen|Uitvoer van goederen en diensten|Diensten,0.06051880666756335,2.294287127249887e-10
143,Opbouw bbp vanuit de finale bestedingen|Beschikbaar voor finale bestedingen|Invoer van goederen en diensten|Diensten,Opbouw bbp vanuit de finale bestedingen|Finale bestedingen|Nationale finale bestedingen|Consumptieve bestedingen|Overheid,-0.06045054840676247,2.403435424028336e-10
144,Opbouw bbp vanuit de finale bestedingen|Beschikbaar voor finale bestedingen|Invoer van goederen en diensten|Totaal,Year,-0.05696607994799575,2.410618479271366e-09
145,Opbouw bbp vanuit de finale bestedingen|Finale bestedingen|Nationale finale bestedingen|Consumptieve bestedingen|Huishoudens,Opbouw bbp vanuit de finale bestedingen|Finale bestedingen|Nationale finale bestedingen|Verandering in voorraden,0.05061902799409895,1.1478107067292704e-07
146,Opbouw bbp vanuit de finale bestedingen|Finale bestedingen|Nationale finale bestedingen|Consumptieve bestedingen|Overheid,Opbouw bbp vanuit de finale bestedingen|Finale bestedingen|Uitvoer van goederen en diensten|Totaal,0.049034501275193376,2.8145775215985484e-07
147,Month,Opbouw bbp vanuit de finale bestedingen|Finale bestedingen|Nationale finale bestedingen|Consumptieve bestedingen|Totaal,0.04628837282279844,1.2500566075439327e-06
148,Month,Opbouw bbp vanuit de finale bestedingen|Beschikbaar voor finale bestedingen|Bruto binnenlands product,0.04562889707332149,1.7669734965856343e-06
149,Month,Opbouw bbp vanuit de finale bestedingen|Finale bestedingen|Uitvoer van goederen en diensten|Goederen,0.04454664687571443,3.086959306007189e-06
150,Opbouw bbp vanuit de finale bestedingen|Finale bestedingen|Nationale finale bestedingen|Totaal,Year,-0.043241890443728795,5.949310266056302e-06
151,Opbouw bbp vanuit de finale bestedingen|Finale bestedingen|Nationale finale bestedingen|Bruto investeringen in vaste activa|Overheid,Opbouw bbp vanuit de finale bestedingen|Finale bestedingen|Uitvoer van goederen en diensten|Goederen,-0.043009718461062864,6.673402312615792e-06
152,Opbouw bbp vanuit de finale bestedingen|Finale bestedingen|Nationale finale bestedingen|Bruto investeringen in vaste activa|Bedrijven en huishoudens,Opbouw bbp vanuit de finale bestedingen|Finale bestedingen|Nationale finale bestedingen|Consumptieve bestedingen|Overheid,-0.042099125451022665,1.041333994266607e-05
153,Opbouw bbp vanuit de finale bestedingen|Finale bestedingen|Nationale finale bestedingen|Bruto investeringen in vaste activa|Totaal,Opbouw bbp vanuit de finale bestedingen|Finale bestedingen|Uitvoer van goederen en diensten|Totaal,0.0398152129885896,3.058683727333774e-05
154,Opbouw bbp vanuit de finale bestedingen|Finale bestedingen|Nationale finale bestedingen|Totaal,Opbouw bbp vanuit de finale bestedingen|Finale bestedingen|Nationale finale bestedingen|Verandering in voorraden,0.03958297888158936,3.40234752137435e-05
155,Month,Opbouw bbp vanuit de finale bestedingen|Beschikbaar voor finale bestedingen|Invoer van goederen en diensten|Goederen,0.03949718909962696,3.538338584745157e-05
156,Opbouw bbp vanuit de finale bestedingen|Finale bestedingen|Nationale finale bestedingen|Bruto investeringen in vaste activa|Overheid,Opbouw bbp vanuit de finale bestedingen|Finale bestedingen|Nationale finale bestedingen|Bruto investeringen in vaste activa|Totaal,0.03769240581805254,7.926523330793136e-05
157,Opbouw bbp vanuit de finale bestedingen|Finale bestedingen|Nationale finale bestedingen|Bruto investeringen in vaste activa|Overheid,Opbouw bbp vanuit de finale bestedingen|Finale bestedingen|Uitvoer van goederen en diensten|Totaal,-0.03606094409335395,0.0001595757456311083
158,Opbouw bbp vanuit de finale bestedingen|Finale bestedingen|Nationale finale bestedingen|Verandering in voorraden,Opbouw bbp vanuit de finale bestedingen|Finale bestedingen|Uitvoer van goederen en diensten|Diensten,0.03479181555395673,0.00026978194361232594
159,Opbouw bbp vanuit de finale bestedingen|Finale bestedingen|Nationale finale bestedingen|Bruto investeringen in vaste activa|Bedrijven en huishoudens,Year,0.0346802737970576,0.00028229755513501184
160,Month,Opbouw bbp vanuit de finale bestedingen|Finale bestedingen|Nationale finale bestedingen|Consumptieve bestedingen|Overheid,-0.033689766857011194,0.00041988520239920986
161,Month,Opbouw bbp vanuit de finale bestedingen|Beschikbaar voor finale bestedingen|Totaal,0.03363806433414401,0.00042855761712405415
162,Month,Opbouw bbp vanuit de finale bestedingen|Finale bestedingen|Totaal,0.03363806433414401,0.00042855761712405415
163,Opbouw bbp vanuit de finale bestedingen|Beschikbaar voor finale bestedingen|Totaal,Opbouw bbp vanuit de finale bestedingen|Finale bestedingen|Nationale finale bestedingen|Bruto investeringen in vaste activa|Overheid,0.03355819840904209,0.00044228333312879595
164,Opbouw bbp vanuit de finale bestedingen|Finale bestedingen|Nationale finale bestedingen|Bruto investeringen in vaste activa|Overheid,Opbouw bbp vanuit de finale bestedingen|Finale bestedingen|Totaal,0.03355819840904209,0.00044228333312879595
165,Opbouw bbp vanuit de finale bestedingen|Finale bestedingen|Nationale finale bestedingen|Bruto investeringen in vaste activa|Totaal,Year,0.030045338118361,0.0016579680083715835
166,Opbouw bbp vanuit de finale bestedingen|Beschikbaar voor finale bestedingen|Invoer van goederen en diensten|Diensten,Opbouw bbp vanuit de finale bestedingen|Finale bestedingen|Nationale finale bestedingen|Verandering in voorraden,-0.02933139299018579,0.0021353310761397784
167,Opbouw bbp vanuit de finale bestedingen|Finale bestedingen|Nationale finale bestedingen|Bruto investeringen in vaste activa|Bedrijven en huishoudens,Opbouw bbp vanuit de finale bestedingen|Finale bestedingen|Uitvoer van goederen en diensten|Totaal,0.027552286739709636,0.003921543919540498
168,Month,Opbouw bbp vanuit de finale bestedingen|Finale bestedingen|Nationale finale bestedingen|Bruto investeringen in vaste activa|Overheid,-0.02654042334672148,0.005462121623388886
169,Month,Opbouw bbp vanuit de finale bestedingen|Finale bestedingen|Nationale finale bestedingen|Totaal,0.02644469776246019,0.0056330264887213795
170,Month,Opbouw bbp vanuit de finale bestedingen|Beschikbaar voor finale bestedingen|Invoer van goederen en diensten|Totaal,0.02340016272338707,0.014301662347798144
171,Opbouw bbp vanuit de finale bestedingen|Finale bestedingen|Nationale finale bestedingen|Consumptieve bestedingen|Overheid,Opbouw bbp vanuit de finale bestedingen|Finale bestedingen|Uitvoer van goederen en diensten|Diensten,-0.02294319745822793,0.016317000838636162
172,Opbouw bbp vanuit de finale bestedingen|Finale bestedingen|Nationale finale bestedingen|Bruto investeringen in vaste activa|Totaal,Opbouw bbp vanuit de finale bestedingen|Finale bestedingen|Nationale finale bestedingen|Consumptieve bestedingen|Overheid,-0.019394421829732618,0.04233860700370671
173,Opbouw bbp vanuit de finale bestedingen|Beschikbaar voor finale bestedingen|Invoer van goederen en diensten|Totaal,Opbouw bbp vanuit de finale bestedingen|Finale bestedingen|Nationale finale bestedingen|Consumptieve bestedingen|Overheid,0.017977503913944308,0.059858982837754864
174,Month,Opbouw bbp vanuit de finale bestedingen|Finale bestedingen|Uitvoer van goederen en diensten|Totaal,0.0164124903411881,0.08579901385127275
